Workbook

Sheet ProjectScope
A1: Phase | B1: Item | C1: Category | D1: Task | E1: Owner | F1: Status | G1: Notes
A2: Initiation | B2: Project Onboarding | C2: Standard | D2: Engineer Review of SOW | E2: Lead Engineer
A3: Initiation | B3: Project Onboarding | C3: Standard | D3: Internal Kickoff Call | E3: PM
A4: Initiation | B4: Project Onboarding | C4: Standard | D4: Client Kickoff Call | E4: PM
A5: Initiation | B5: Customer Onboarding | C5: Operator Connect | D5: Enable NWN as Operator Connect provider | E5: Customer
A6: Initiation | B6: Customer Onboarding | C6: DRaaS | D6: NWN Integration through App Auth | E6: Customer
A7: Discovery, Planning, Design | B7: Discovery | C7: Standard | D7: Initial Discovery Meeting with Customer | E7: PM
A8: Discovery, Planning, Design | B8: Discovery | C8: Voice Config | D8: NWN Access | E8: Customer
A9: Discovery, Planning, Design | B9: Discovery | C9: Voice Config | D9: Phone Number Migration - High Level | E9: Lead Engineer
A10: Discovery, Planning, Design | B10: Discovery | C10: Voice Config | D10: Dialing Pattern Requirements | E10: Lead Engineer
A11: Discovery, Planning, Design | B11: Discovery | C11: Voice Config | D11: Routing Requirements (Intl, Domestic, etc) | E11: Lead Engineer
A12: Discovery, Planning, Design | B12: Discovery | C12: Paging | D12: Paging - OHP | E12: Lead Engineer
A13: Discovery, Planning, Design | B13: Discovery | C13: Paging | D13: Paging - Phone Paging | E13: Lead Engineer
... A53: Implementation | B53: User Readiness | C53: Standard | D53: User Communication and Training has been delivered or scheduled | E53: Customer

Sheet Sheet1
A1: =_xlfn.TEXTJOIN(,FALSE,"[",CHAR(34),ProjectScope!A2,CHAR(34)&CHAR(44)&CHAR(32)&CHAR(34),ProjectScope!B2,CHAR(34)&CHAR(44)&CHAR(32)&CHAR(34),ProjectScope!C2,CHAR(34)&CHAR(44)&CHAR(32)&CHAR(34),ProjectScope!D2,CHAR(34)&CHAR(44)&CHAR(32)&CHAR(34),ProjectScope!E2,CHAR(34),"]",CHAR(44)) -> ["Initiation", "Project Onboarding", "Standard", "Engineer Review of SOW", "Lead Engineer"],
A2: =_xlfn.TEXTJOIN(,FALSE,"[",CHAR(34),ProjectScope!A3,CHAR(34)&CHAR(44)&CHAR(32)&CHAR(34),ProjectScope!B3,CHAR(34)&CHAR(44)&CHAR(32)&CHAR(34),ProjectScope!C3,CHAR(34)&CHAR(44)&CHAR(32)&CHAR(34),ProjectScope!D3,CHAR(34)&CHAR(44)&CHAR(32)&CHAR(34),ProjectScope!E3,CHAR(34),"]",CHAR(44)) -> ["Initiation", "Project Onboarding", "Standard", "Internal Kickoff Call", "PM"],
A3: =_xlfn.TEXTJOIN(,FALSE,"[",CHAR(34),ProjectScope!A4,CHAR(34)&CHAR(44)&CHAR(32)&CHAR(34),ProjectScope!B4,CHAR(34)&CHAR(44)&CHAR(32)&CHAR(34),ProjectScope!C4,CHAR(34)&CHAR(44)&CHAR(32)&CHAR(34),ProjectScope!D4,CHAR(34)&CHAR(44)&CHAR(32)&CHAR(34),ProjectScope!E4,CHAR(34),"]",CHAR(44)) -> ["Initiation", "Project Onboarding", "Standard", "Client Kickoff Call", "PM"],
A4: =_xlfn.TEXTJOIN(,FALSE,"[",CHAR(34),ProjectScope!A5,CHAR(34)&CHAR(44)&CHAR(32)&CHAR(34),ProjectScope!B5,CHAR(34)&CHAR(44)&CHAR(32)&CHAR(34),ProjectScope!C5,CHAR(34)&CHAR(44)&CHAR(32)&CHAR(34),ProjectScope!D5,CHAR(34)&CHAR(44)&CHAR(32)&CHAR(34),ProjectScope!E5,CHAR(34),"]",CHAR(44)) -> ["Initiation", "Customer Onboarding", "Operator Connect", "Enable NWN as Operator Connect provider", "Customer"],
A5: =_xlfn.TEXTJOIN(,FALSE,"[",CHAR(34),ProjectScope!A6,CHAR(34)&CHAR(44)&CHAR(32)&CHAR(34),ProjectScope!B6,CHAR(34)&CHAR(44)&CHAR(32)&CHAR(34),ProjectScope!C6,CHAR(34)&CHAR(44)&CHAR(32)&CHAR(34),ProjectScope!D6,CHAR(34)&CHAR(44)&CHAR(32)&CHAR(34),ProjectScope!E6,CHAR(34),"]",CHAR(44)) -> ["Initiation", "Customer Onboarding", "DRaaS", "NWN Integration through App Auth", "Customer"],
A6: =_xlfn.TEXTJOIN(,FALSE,"[",CHAR(34),ProjectScope!A7,CHAR(34)&CHAR(44)&CHAR(32)&CHAR(34),ProjectScope!B7,CHAR(34)&CHAR(44)&CHAR(32)&CHAR(34),ProjectScope!C7,CHAR(34)&CHAR(44)&CHAR(32)&CHAR(34),ProjectScope!D7,CHAR(34)&CHAR(44)&CHAR(32)&CHAR(34),ProjectScope!E7,CHAR(34),"]",CHAR(44)) -> ["Discovery, Planning, Design", "Discovery", "Standard", "Initial Discovery Meeting with Customer", "PM"],
A7: =_xlfn.TEXTJOIN(,FALSE,"[",CHAR(34),ProjectScope!A8,CHAR(34)&CHAR(44)&CHAR(32)&CHAR(34),ProjectScope!B8,CHAR(34)&CHAR(44)&CHAR(32)&CHAR(34),ProjectScope!C8,CHAR(34)&CHAR(44)&CHAR(32)&CHAR(34),ProjectScope!D8,CHAR(34)&CHAR(44)&CHAR(32)&CHAR(34),ProjectScope!E8,CHAR(34),"]",CHAR(44)) -> ["Discovery, Planning, Design", "Discovery", "Voice Config", "NWN Access", "Customer"],
A8: =_xlfn.TEXTJOIN(,FALSE,"[",CHAR(34),ProjectScope!A9,CHAR(34)&CHAR(44)&CHAR(32)&CHAR(34),ProjectScope!B9,CHAR(34)&CHAR(44)&CHAR(32)&CHAR(34),ProjectScope!C9,CHAR(34)&CHAR(44)&CHAR(32)&CHAR(34),ProjectScope!D9,CHAR(34)&CHAR(44)&CHAR(32)&CHAR(34),ProjectScope!E9,CHAR(34),"]",CHAR(44)) -> ["Discovery, Planning, Design", "Discovery", "Voice Config", "Phone Number Migration - High Level", "Lead Engineer"],
A9: =_xlfn.TEXTJOIN(,FALSE,"[",CHAR(34),ProjectScope!A10,CHAR(34)&CHAR(44)&CHAR(32)&CHAR(34),ProjectScope!B10,CHAR(34)&CHAR(44)&CHAR(32)&CHAR(34),ProjectScope!C10,CHAR(34)&CHAR(44)&CHAR(32)&CHAR(34),ProjectScope!D10,CHAR(34)&CHAR(44)&CHAR(32)&CHAR(34),ProjectScope!E10,CHAR(34),"]",CHAR(44)) -> ["Discovery, Planning, Design", "Discovery", "Voice Config", "Dialing Pattern Requirements", "Lead Engineer"],
A10: =_xlfn.TEXTJOIN(,FALSE,"[",CHAR(34),ProjectScope!A11,CHAR(34)&CHAR(44)&CHAR(32)&CHAR(34),ProjectScope!B11,CHAR(34)&CHAR(44)&CHAR(32)&CHAR(34),ProjectScope!C11,CHAR(34)&CHAR(44)&CHAR(32)&CHAR(34),ProjectScope!D11,CHAR(34)&CHAR(44)&CHAR(32)&CHAR(34),ProjectScope!E11,CHAR(34),"]",CHAR(44)) -> ["Discovery, Planning, Design", "Discovery", "Voice Config", "Routing Requirements (Intl, Domestic, etc)", "Lead Engineer"],
A11: =_xlfn.TEXTJOIN(,FALSE,"[",CHAR(34),ProjectScope!A12,CHAR(34)&CHAR(44)&CHAR(32)&CHAR(34),ProjectScope!B12,CHAR(34)&CHAR(44)&CHAR(32)&CHAR(34),ProjectScope!C12,CHAR(34)&CHAR(44)&CHAR(32)&CHAR(34),ProjectScope!D12,CHAR(34)&CHAR(44)&CHAR(32)&CHAR(34),ProjectScope!E12,CHAR(34),"]",CHAR(44)) -> ["Discovery, Planning, Design", "Discovery", "Paging", "Paging - OHP", "Lead Engineer"],
A12: =_xlfn.TEXTJOIN(,FALSE,"[",CHAR(34),ProjectScope!A13,CHAR(34)&CHAR(44)&CHAR(32)&CHAR(34),ProjectScope!B13,CHAR(34)&CHAR(44)&CHAR(32)&CHAR(34),ProjectScope!C13,CHAR(34)&CHAR(44)&CHAR(32)&CHAR(34),ProjectScope!D13,CHAR(34)&CHAR(44)&CHAR(32)&CHAR(34),ProjectScope!E13,CHAR(34),"]",CHAR(44)) -> ["Discovery, Planning, Design", "Discovery", "Paging", "Paging - Phone Paging", "Lead Engineer"],
... A52: =_xlfn.TEXTJOIN(,FALSE,"[",CHAR(34),ProjectScope!A53,CHAR(34)&CHAR(44)&CHAR(32)&CHAR(34),ProjectScope!B53,CHAR(34)&CHAR(44)&CHAR(32)&CHAR(34),ProjectScope!C53,CHAR(34)&CHAR(44)&CHAR(32)&CHAR(34),ProjectScope!D53,CHAR(34)&CHAR(44)&CHAR(32)&CHAR(34),ProjectScope!E53,CHAR(34),"]",CHAR(44)) -> ["Implementation", "User Readiness", "Standard", "User Communication and Training has been delivered or scheduled", "Customer"],
